,label_old
0,[]
1,[]
2,[]
3,[]
4,[]
5,[]
6,[]
7,[]
8,[]
9,[]
10,[]
11,[]
12,[]
13,[]
14,[]
15,[]
16,[]
17,[]
18,[]
19,[1]
20,[1]
21,[1]
22,[]
23,[]
24,[]
25,[]
26,[]
27,[]
28,[]
29,[]
30,[]
31,[]
32,[]
33,[]
34,[]
35,[]
36,[]
37,[1]
38,[]
39,[]
40,[]
41,[]
42,[]
43,[]
44,[]
45,[]
46,[1]
47,[]
48,[1]
49,[1]
50,[1]
51,[1]
52,[1]
53,[]
54,[]
55,[1]
56,[]
57,[]
58,[1]
59,[1]
60,[1]
61,[1]
62,[]
63,[1]
64,[]
65,[]
66,[1]
67,[1]
68,[1]
69,[1]
70,[]
71,[1]
72,[]
73,[]
74,[1]
75,[]
76,[1]
77,[]
78,[]
79,[1]
80,[1]
81,[1]
82,[]
83,[]
84,[1]
85,[]
86,[]
87,[]
88,[1]
89,[1]
90,[1]
91,[]
92,[1]
93,[1]
94,[]
95,[]
96,[1]
97,[1]
98,[1]
99,[]
100,[]
101,[1]
102,[1]
103,[1]
104,[1]
105,[]
106,[1]
107,[1]
108,[]
109,[1]
110,[1]
111,[1]
112,[1]
113,[1]
114,[1]
115,[1]
116,[1]
117,[]
118,[]
119,[]
120,[1]
121,[]
122,[]
123,[1]
124,[1]
125,[1]
126,[]
127,[]
128,[1]
129,[]
130,[1]
131,[]
132,[]
133,[1]
134,[]
135,[]
136,[1]
137,[1]
138,[]
139,[1]
140,[1]
141,[]
142,[1]
143,[1]
144,[1]
145,[1]
146,[]
147,[1]
148,[1]
149,[1]
150,[1]
151,[1]
152,[1]
153,[1]
154,[1]
155,[1]
156,[]
157,[1]
158,[1]
159,[1]
160,[1]
161,[]
162,[]
163,[1]
164,[]
165,[1]
166,[1]
167,[]
168,[]
169,[1]
170,[1]
171,[]
172,[]
173,[1]
174,[1]
175,[1]
176,[1]
177,[]
178,[1]
179,[]
180,[]
181,[]
182,[]
183,[1]
184,[]
185,[1]
186,[]
187,[1]
188,[1]
189,[1]
190,[]
191,[1]
192,[1]
193,[]
194,[]
195,[1]
196,[]
197,[]
198,[]
199,[]
200,[1]
201,[]
202,[]
203,[]
204,[1]
205,[]
206,[1]
207,[]
208,[1]
209,[1]
210,[]
211,[1]
212,[]
213,[]
214,[]
215,[]
216,[1]
217,[1]
218,[]
219,[]
220,[1]
221,[1]
222,[1]
223,[]
224,[1]
225,[1]
226,[1]
227,[1]
228,[1]
229,[]
230,[]
231,[1]
232,[1]
233,[]
234,[1]
235,[1]
236,[]
237,[]
238,[1]
239,[]
240,[1]
241,[1]
242,[1]
243,[1]
244,[]
245,[1]
246,[1]
247,[1]
248,[1]
249,[1]
250,[]
251,[1]
252,[]
253,[]
254,[]
255,[]
256,[]
257,[]
258,[]
259,[]
260,[]
261,[]
262,[]
263,[]
264,[]
265,[]
266,[1]
267,[1]
268,[1]
269,[1]
270,[1]
271,[1]
272,[]
273,[1]
274,[]
275,[1]
276,[1]
277,[]
278,[1]
279,[1]
280,[]
281,[1]
282,[]
283,[]
284,[1]
285,[1]
286,[1]
287,[1]
288,[1]
289,[1]
290,[1]
291,[1]
292,[1]
293,[1]
294,[1]
295,[1]
296,[1]
297,[]
298,[1]
299,[1]
300,[]
301,[1]
302,[]
303,[1]
304,[1]
305,[1]
306,[1]
307,[1]
308,[1]
309,[1]
310,[1]
311,[1]
312,[1]
313,[1]
314,[1]
315,[1]
316,[1]
317,[]
318,[1]
319,[1]
320,[1]
321,[]
322,[1]
323,[]
324,[1]
325,[1]
326,[1]
327,[1]
328,[]
329,[]
330,[]
331,[1]
332,[1]
333,[1]
334,[1]
335,[]
336,[1]
337,[]
338,[1]
339,[]
340,[1]
341,[1]
342,[1]
343,[]
344,[1]
345,[1]
346,[1]
347,[1]
348,[1]
349,[1]
350,[1]
351,[]
352,[]
353,[]
354,[1]
355,[1]
356,[1]
357,[1]
358,[1]
359,[1]
360,[1]
361,[1]
362,[1]
363,[1]
364,[1]
365,[]
366,[]
367,[1]
368,[]
369,[]
370,[]
371,[1]
372,[]
373,[]
374,[1]
375,[1]
376,[1]
377,[1]
378,[1]
379,[]
380,[1]
381,[1]
382,[1]
383,[1]
384,[1]
385,[]
386,[1]
387,[1]
388,[1]
389,[]
390,[1]
391,[1]
392,[]
393,[]
394,[1]
395,[1]
396,[1]
397,[1]
398,[1]
399,[1]
400,[]
401,[1]
402,[1]
403,[1]
404,[1]
405,[1]
406,[1]
407,[1]
408,[]
409,[1]
410,[1]
411,[1]
412,[1]
413,[1]
414,[]
415,[1]
416,[1]
417,[]
418,[1]
419,[1]
420,[1]
421,[1]
422,[1]
423,[1]
424,[1]
425,[1]
426,[1]
427,[1]
428,[1]
429,[1]
430,[]
431,[1]
432,[]
433,[]
434,[1]
435,[]
436,[1]
437,[1]
438,[1]
439,[1]
440,[1]
441,[]
442,[1]
443,[1]
444,[]
445,[1]
446,[]
447,[1]
448,[1]
449,[]
450,[1]
451,[]
452,[1]
453,[1]
454,[1]
455,[1]
456,[1]
457,[1]
458,[1]
459,[1]
460,[]
461,[]
462,[1]
463,[1]
464,[1]
465,[1]
466,[1]
467,[1]
468,[]
469,[1]
470,[1]
471,[1]
472,[1]
473,[1]
474,[1]
475,[1]
476,[1]
477,[1]
478,[1]
479,[]
480,[1]
481,[1]
482,[1]
483,[1]
484,[1]
485,[1]
486,[1]
487,[]
488,[1]
489,[]
490,[1]
491,[1]
492,[]
493,[1]
494,[1]
495,[1]
496,[1]
497,[1]
498,[]
499,[]
500,[1]
501,[]
502,[1]
503,[]
504,[1]
505,[1]
506,[1]
507,[1]
508,[1]
509,[]
510,[1]
511,[1]
512,[]
513,[1]
514,[]
515,[1]
516,[]
517,[]
518,[1]
519,[1]
520,[1]
521,[]
522,[1]
523,[1]
524,[1]
525,[1]
526,[1]
527,[1]
528,[1]
529,[1]
530,[1]
531,[1]
532,[1]
533,[]
534,[1]
535,[]
536,[]
537,[1]
538,[1]
539,[1]
540,[1]
541,[1]
542,[1]
543,[1]
544,[1]
545,[1]
546,[1]
547,[1]
548,[1]
549,[1]
550,[1]
551,[1]
552,[1]
553,[1]
554,[1]
555,[1]
556,[1]
557,[1]
558,[1]
559,[1]
560,[1]
561,[1]
562,[]
563,[]
564,[]
565,[]
566,[]
567,[]
568,[1]
